iteration, year, temp, rain, diffuse, concentrated, gelifluction, chemicalW, physicalW, deposition, totbio, FA_max, sedoutflow, waterout, sinkcount 
-2, -2, 10.000000, 600.000000, 1137.61319152, 344.834569860044666711473837494850158691406250000000000000000000000000000000000000000, 10756.55597374, 15.91308650, 2.96406861, 10948.90424715, 849461635.19612217, 575960.173, 0.00099238,  575960172.83454, 50 
-1, -1, 10.000000, 600.000000, 6808.03161159, 257.548102806255030827742302790284156799316406250000000000000000000000000000000000000, 10806.26240458, 10.64742021, 2.96694367, 16151.55842507, 849461635.19612217, 140282.820, 0.00132330,  140282820.11061, 582 
